feature,importance
weather_precip_mm,0.45473792003723623
weather_temp_C,0.27049651783565465
event_month,0.057041230618946726
season,0.05380976089591811
location_enc,0.05173035984634261
event_name_enc,0.04882701486887695
event_hour,0.038720966886281516
event_weekday,0.024636229010743218
